ZONE,Type,VillaNo,,WorkType1,Percentage1,Status1,Contractor1,,WorkType2,Percentage2,Status2,Contractor2,,WorkType3,Percentage3,Status3,Contractor3,,WorkType4,Percentage4,Status4,Contractor4,,WorkType5,Percentage5,Status5,Contractor5,,WorkType6,Percentage6,Status6,Contractor6,,WorkType7,Percentage7,Status7,Contractor7,,WorkType8,Percentage8,Status8,Contractor8
Z8,V7,55,,طرطشة  دور أ رضي ,100%,Closed,مؤسسة بداية,,لياسة  دورارضي,95%,Retained,مؤسسة بداية,,طرطشة  دوراول,,,,,لياسة  دوراول,90%,Retained,مؤسسه الحزم,,طرطشة  دورالملحق,100%,Closed,مؤسسه الاستيراد,,لياسة  دورالملحق,60%,Open,مؤسسه الاستيراد,,طرطشة خارجية للواجهات,,,,,لياسة خارجية للواجهات,,,
Z8,V7,56,,طرطشة  دور أ رضي ,100%,Closed,مؤسسة بداية,,لياسة  دورارضي,95%,Retained,مؤسسة بداية,,طرطشة  دوراول,100%,Closed,مؤسسه الحزم,,لياسة  دوراول,90%,Retained,مؤسسه الحزم,,طرطشة  دورالملحق,100%,Closed,مؤسسه الاستيراد,,لياسة  دورالملحق,100%,Closed,مؤسسه الاستيراد,,طرطشة خارجية للواجهات,100%,Closed,مؤسسه الاستيراد,,لياسة خارجية للواجهات,,,
Z8,V7,57,,طرطشة  دور أ رضي ,,,,,لياسة  دورارضي,,,,,طرطشة  دوراول,,,,,لياسة  دوراول,90%,Retained,مؤسسه الحزم,,طرطشة  دورالملحق,100%,Closed,مؤسسه الاستيراد,,لياسة  دورالملحق,,,,,طرطشة خارجية للواجهات,100%,Closed,مؤسسه الاستيراد,,لياسة خارجية للواجهات,,,
Z8,V7,58,,طرطشة  دور أ رضي ,100%,Closed,مؤسسة بداية,,لياسة  دورارضي,95%,Retained,مؤسسة بداية,,طرطشة  دوراول,100%,Closed,مؤسسه الحزم,,لياسة  دوراول,90%,Retained,مؤسسه الحزم,,طرطشة  دورالملحق,100%,Closed,مؤسسه الاستيراد,,لياسة  دورالملحق,100%,Closed,مؤسسه الاستيراد,,طرطشة خارجية للواجهات,100%,Closed,مؤسسه الاستيراد,,لياسة خارجية للواجهات,,,
Z8,V7,59,,طرطشة  دور أ رضي ,100%,Closed,مؤسسة بداية,,لياسة  دورارضي,95%,Retained,مؤسسة بداية,,طرطشة  دوراول,100%,Closed,مؤسسه الحزم,,لياسة  دوراول,90%,Retained,مؤسسه الحزم,,طرطشة  دورالملحق,100%,Closed,مؤسسه الاستيراد,,لياسة  دورالملحق,60%,Open,مؤسسه الاستيراد,,طرطشة خارجية للواجهات,100%,Closed,مؤسسه الاستيراد,,لياسة خارجية للواجهات,,,
Z8,V7,60,,طرطشة  دور أ رضي ,,,,,لياسة  دورارضي,,,,,طرطشة  دوراول,100%,Closed,مؤسسه  الحزم,,لياسة  دوراول,90%,Retained,مؤسسه  الحزم,,طرطشة  دورالملحق,100%,Closed,مؤسسه الاستيراد,,لياسة  دورالملحق,100%,Closed,مؤسسه الاستيراد,,طرطشة خارجية للواجهات,100%,Closed,مؤسسه الاستيراد,,لياسة خارجية للواجهات,80%,Open,مؤسسه الاستيراد
Z8,V7,61,,طرطشة  دور أ رضي ,100%,Closed,مؤسسة عبدالطيف,,لياسة  دورارضي,90%,Retained,مؤسسة عبدالطيف,,طرطشة  دوراول,100%,Closed,مؤسسة عبدالطيف,,لياسة  دوراول,90%,Retained,مؤسسة عبدالطيف,,طرطشة  دورالملحق,100%,Closed,مؤسسه الاستيراد,,لياسة  دورالملحق,60%,Open,مؤسسه الاستيراد,,طرطشة خارجية للواجهات,100%,Closed,مؤسسه الاستيراد,,لياسة خارجية للواجهات,60%,Open,مؤسسه الاستيراد
Z8,V7,62,,طرطشة  دور أ رضي ,100%,Closed,مؤسسة عبدالطيف,,لياسة  دورارضي,90%,Retained,مؤسسة عبدالطيف,,طرطشة  دوراول,100%,Closed,مؤسسة عبدالطيف,,لياسة  دوراول,90%,Retained,مؤسسة عبدالطيف,,طرطشة  دورالملحق,100%,Closed,مؤسسه الاستيراد,,لياسة  دورالملحق,100%,Closed,مؤسسه الاستيراد,,طرطشة خارجية للواجهات,100%,Closed,مؤسسه الاستيراد,,لياسة خارجية للواجهات,60%,Open,مؤسسه الاستيراد
Z8,V7,63,,طرطشة  دور أ رضي ,100%,Closed,مؤسسة عبدالطيف,,لياسة  دورارضي,90%,Retained,مؤسسة عبدالطيف,,طرطشة  دوراول,100%,Closed,مؤسسة عبدالطيف,,لياسة  دوراول,90%,Retained,مؤسسة عبدالطيف,,طرطشة  دورالملحق,100%,Closed,مؤسسه الاستيراد,,لياسة  دورالملحق,100%,Closed,مؤسسه الاستيراد,,طرطشة خارجية للواجهات,100%,Closed,مؤسسه الاستيراد,,لياسة خارجية للواجهات,100%,Closed,مؤسسه الاستيراد
Z8,V7,64,,طرطشة  دور أ رضي ,100%,Closed,مؤسسة عبدالطيف,,لياسة  دورارضي,90%,Retained,مؤسسة عبدالطيف,,طرطشة  دوراول,100%,Closed,مؤسسة عبدالطيف,,لياسة  دوراول,90%,Retained,مؤسسة عبدالطيف,,طرطشة  دورالملحق,100%,Closed,مؤسسه الاستيراد,,لياسة  دورالملحق,100%,Closed,مؤسسه الاستيراد,,طرطشة خارجية للواجهات,100%,Closed,مؤسسه الاستيراد,,لياسة خارجية للواجهات,60%,Open,مؤسسه الاستيراد
Z8,V7,65,,طرطشة  دور أ رضي ,100%,Closed,مؤسسة عبدالطيف,,لياسة  دورارضي,100%,Closed,مؤسسة عبدالطيف,,طرطشة  دوراول,100%,Closed,مؤسسة عبدالطيف,,لياسة  دوراول,90%,Retained,مؤسسة عبدالطيف,,طرطشة  دورالملحق,100%,Closed,مؤسسه الاستيراد,,لياسة  دورالملحق,100%,Closed,مؤسسه الاستيراد,,طرطشة خارجية للواجهات,100%,Closed,مؤسسه الاستيراد,,لياسة خارجية للواجهات,100%,Closed,مؤسسه الاستيراد
Z8,V7,66,,طرطشة  دور أ رضي ,100%,Closed,مؤسسة عبدالطيف,,لياسة  دورارضي,100%,Closed,مؤسسة عبدالطيف,,طرطشة  دوراول,100%,Closed,مؤسسة عبدالطيف,,لياسة  دوراول,90%,Retained,مؤسسة عبدالطيف,,طرطشة  دورالملحق,100%,Closed,مؤسسه الاستيراد,,لياسة  دورالملحق,100%,Closed,مؤسسه الاستيراد,,طرطشة خارجية للواجهات,100%,Closed,مؤسسه الاستيراد,,لياسة خارجية للواجهات,100%,Closed,مؤسسه الاستيراد
Z8,V7,67,,طرطشة  دور أ رضي ,100%,Closed,مؤسسة عبدالطيف,,لياسة  دورارضي,100%,Closed,مؤسسة عبدالطيف,,طرطشة  دوراول,100%,Closed,مؤسسة عبدالطيف,,لياسة  دوراول,90%,Retained,مؤسسة عبدالطيف,,طرطشة  دورالملحق,100%,Closed,مؤسسه الاستيراد,,لياسة  دورالملحق,100%,Closed,مؤسسه الاستيراد,,طرطشة خارجية للواجهات,100%,Closed,مؤسسه الاستيراد,,لياسة خارجية للواجهات,100%,Closed,مؤسسه الاستيراد
Z9,V4a,68,,طرطشة  دور أ رضي ,100%,Closed,مؤسسة عبدالطيف,,لياسة  دورارضي,100%,Closed,مؤسسة عبدالطيف,,طرطشة  دوراول,100%,Closed,مؤسسة عبدالطيف,,لياسة  دوراول,50%,Open,مؤسسة عبدالطيف,,طرطشة  دورالملحق,,,,,لياسة  دورالملحق,,,,,طرطشة خارجية للواجهات,100%,Closed,مؤسسة عبدالطيف,,لياسة خارجية للواجهات,60%,Open,مؤسسة عبدالطيف
Z9,V4a,69,,طرطشة  دور أ رضي ,100%,Closed,مؤسسة عبدالطيف,,لياسة  دورارضي,100%,Closed,مؤسسة عبدالطيف,,طرطشة  دوراول,100%,Closed,مؤسسة عبدالطيف,,لياسة  دوراول,100%,Closed,مؤسسة عبدالطيف,,طرطشة  دورالملحق,,,,,لياسة  دورالملحق,,,,,طرطشة خارجية للواجهات,100%,Closed,مؤسسة عبدالطيف,,لياسة خارجية للواجهات,,,
Z9,V4a,70,,طرطشة  دور أ رضي ,,,,,لياسة  دورارضي,,,,,طرطشة  دوراول,100%,Closed,مؤسسة عبدالطيف,,لياسة  دوراول,60%,Open,مؤسسة عبدالطيف,,طرطشة  دورالملحق,,,,,لياسة  دورالملحق,,,,,طرطشة خارجية للواجهات,100%,Closed,مؤسسة عبدالطيف,,لياسة خارجية للواجهات,,,
Z9,V4b,71,,طرطشة  دور أ رضي ,100%,Closed,مؤسسه اماسي,,لياسة  دورارضي,90%,Retained,مؤسسه اماسي,,طرطشة  دوراول,100%,Closed,مؤسسه اماسي,,لياسة  دوراول,90%,Retained,مؤسسه اماسي,,طرطشة  دورالملحق,100%,Closed,مؤسسه اماسي,,لياسة  دورالملحق,100%,Closed,مؤسسه اماسي,,طرطشة خارجية للواجهات,100%,Closed,مؤسسه اماسي,,لياسة خارجية للواجهات,100%,Closed,مؤسسه اماسي
Z9,V7,72,,طرطشة  دور أ رضي ,100%,Closed,مؤسسه عبدالطيف,,لياسة  دورارضي,80%,Open,مؤسسه عبدالطيف,,طرطشة  دوراول,100%,Closed,مؤسسة عبدالطيف,,لياسة  دوراول,100%,Closed,مؤسسة عبدالطيف,,طرطشة  دورالملحق,,,,,لياسة  دورالملحق,,,,,طرطشة خارجية للواجهات,100%,Closed,مؤسسة حلول وروافد,,لياسة خارجية للواجهات,60%,Open,مؤسسة حلول وروافد
Z9,V7,73,,طرطشة  دور أ رضي ,100%,Closed,مؤسسه عبدالطيف,,لياسة  دورارضي,80%,Open,مؤسسه عبدالطيف,,طرطشة  دوراول,100%,Closed,مؤسسة عبدالطيف,,لياسة  دوراول,100%,Closed,مؤسسة عبدالطيف,,طرطشة  دورالملحق,100%,Closed,مؤسسه اماسي,,لياسة  دورالملحق,100%,Closed,مؤسسه اماسي,,طرطشة خارجية للواجهات,100%,Closed,مؤسسه اماسي,,لياسة خارجية للواجهات,60%,Open,مؤسسه اماسي
Z10,V7,74,,طرطشة  دور أ رضي ,100%,Closed,مؤسسة عبدالطيف,,لياسة  دورارضي,60%,Open,مؤسسة عبدالطيف,,طرطشة  دوراول,100%,Closed,مؤسسة عبدالطيف,,لياسة  دوراول,100%,Closed,مؤسسة عبدالطيف,,طرطشة  دورالملحق,100%,Closed,مؤسسه اماسي,,لياسة  دورالملحق,100%,Closed,مؤسسه اماسي,,طرطشة خارجية للواجهات,100%,Closed,مؤسسه اماسي,,لياسة خارجية للواجهات,100%,Closed,مؤسسه اماسي
Z10,V7,75,,طرطشة  دور أ رضي ,100%,Closed,مؤسسة عبدالطيف,,لياسة  دورارضي,60%,Open,مؤسسة عبدالطيف,,طرطشة  دوراول,100%,Closed,مؤسسة عبدالطيف,,لياسة  دوراول,100%,Closed,مؤسسة عبدالطيف,,طرطشة  دورالملحق,100%,Closed,الصدقه / ياسرخلف محمدعارف,,لياسة  دورالملحق,,,,,طرطشة خارجية للواجهات,,,,,لياسة خارجية للواجهات,,,
Z10,V7,76,,طرطشة  دور أ رضي ,100%,Closed,مؤسسة عبدالطيف,,لياسة  دورارضي,60%,Open,مؤسسة عبدالطيف,,طرطشة  دوراول,100%,Closed,مؤسسة عبدالطيف,,لياسة  دوراول,100%,Closed,مؤسسة عبدالطيف,,طرطشة  دورالملحق,100%,Closed,مؤسسه عبدالرحمن,,لياسة  دورالملحق,100%,Closed,مؤسسه عبدالرحمن,,طرطشة خارجية للواجهات,100%,Closed,مؤسسه عبدالرحمن,,لياسة خارجية للواجهات,100%,Closed,مؤسسه عبدالرحمن
Z10,V7,77,,طرطشة  دور أ رضي ,100%,Closed,الصدقه / شوقي عنتر,,لياسة  دورارضي,90%,Retained,الصدقه / شوقي عنتر,,طرطشة  دوراول,100%,Closed,الصدقه / شوقي عنتر,,لياسة  دوراول,,,,,طرطشة  دورالملحق,100%,Closed,مؤسسه ماجد فوزان,,لياسة  دورالملحق,,,,,طرطشة خارجية للواجهات,100%,Closed,مؤسسه ماجد فوزان,,لياسة خارجية للواجهات,,,
Z10,V7,78,,طرطشة  دور أ رضي ,100%,Closed,الصدقه / شوقي عنتر,,لياسة  دورارضي,90%,Retained,الصدقه / شوقي عنتر,,طرطشة  دوراول,100%,Closed,الصدقه / شوقي عنتر,,لياسة  دوراول,90%,Retained,الصدقه / شوقي عنتر,,طرطشة  دورالملحق,100%,Closed,مؤسسه ماجد فوزان,,لياسة  دورالملحق,,,,,طرطشة خارجية للواجهات,100%,Closed,مؤسسه ماجد فوزان,,لياسة خارجية للواجهات,,,
Z10,V7,79,,طرطشة  دور أ رضي ,100%,Closed,الصدقه / شوقي عنتر,,لياسة  دورارضي,90%,Retained,الصدقه / شوقي عنتر,,طرطشة  دوراول,100%,Closed,الصدقه / شوقي عنتر,,لياسة  دوراول,90%,Retained,الصدقه / شوقي عنتر,,طرطشة  دورالملحق,,,,,لياسة  دورالملحق,,,,,طرطشة خارجية للواجهات,,,,,لياسة خارجية للواجهات,,,
Z10,V7,80,,طرطشة  دور أ رضي ,100%,Closed,الصدقه / شوقي عنتر,,لياسة  دورارضي,90%,Retained,الصدقه / شوقي عنتر,,طرطشة  دوراول,100%,Closed,الصدقه / شوقي عنتر,,لياسة  دوراول,90%,Retained,الصدقه / شوقي عنتر,,طرطشة  دورالملحق,,,,,لياسة  دورالملحق,,,,,طرطشة خارجية للواجهات,,,,,لياسة خارجية للواجهات,,,
Z10,V4a,81,,طرطشة  دور أ رضي ,100%,Closed,مؤسسه عبدالطيف,,لياسة  دورارضي,100%,Closed,مؤسسه عبدالطيف,,طرطشة  دوراول,,,,,لياسة  دوراول,,,,,طرطشة  دورالملحق,,,,,لياسة  دورالملحق,,,,,طرطشة خارجية للواجهات,,,,,لياسة خارجية للواجهات,,,
Z10,V4a,82,,طرطشة  دور أ رضي ,100%,Closed,مؤسسه عبدالطيف,,لياسة  دورارضي,100%,Closed,مؤسسه عبدالطيف,,طرطشة  دوراول,100%,Closed,مؤسسه عبدالطيف,,لياسة  دوراول,100%,Closed,مؤسسه عبدالطيف,,طرطشة  دورالملحق,,,,,لياسة  دورالملحق,,,,,طرطشة خارجية للواجهات,100%,Closed,مؤسسة عبدالطيف,,لياسة خارجية للواجهات,,,
Z10,V4a,83,,طرطشة  دور أ رضي ,100%,Closed,مؤسسه عبدالطيف,,لياسة  دورارضي,100%,Closed,مؤسسه عبدالطيف,,طرطشة  دوراول,100%,Closed,مؤسسه عبدالطيف,,لياسة  دوراول,100%,Closed,مؤسسه عبدالطيف,,طرطشة  دورالملحق,,,,,لياسة  دورالملحق,,,,,طرطشة خارجية للواجهات,100%,Closed,مؤسسة عبدالطيف,,لياسة خارجية للواجهات,,,
Z11,V4a,84,,طرطشة  دور أ رضي ,100%,Closed,مؤسسة خلود,,لياسة  دورارضي,,,,,طرطشة  دوراول,100%,Closed,مؤسسة عبدالطيف,,لياسة  دوراول,100%,Closed,مؤسسة عبدالطيف,,طرطشة  دورالملحق,100%,Closed,مؤسسة عبدالطيف,,لياسة  دورالملحق,100%,Closed,مؤسسة عبدالطيف,,طرطشة خارجية للواجهات,74%,Open,مؤسسة 810,,لياسة خارجية للواجهات,74%,Open,مؤسسة 810
Z11,V4a,85,,طرطشة  دور أ رضي ,100%,Closed,مؤسسة عبدالطيف,,لياسة  دورارضي,100%,Closed,مؤسسة عبدالطيف,,طرطشة  دوراول,100%,Closed,مؤسسة عبدالطيف,,لياسة  دوراول,100%,Closed,مؤسسة عبدالطيف,,طرطشة  دورالملحق,100%,Closed,مؤسسه الحزم,,لياسة  دورالملحق,100%,Closed,مؤسسه الحزم,,طرطشة خارجية للواجهات,74%,Open,مؤسسة 810,,لياسة خارجية للواجهات,74%,Open,مؤسسة 810
Z11,V4a,86,,طرطشة  دور أ رضي ,100%,Closed,مؤسسة عبدالطيف,,لياسة  دورارضي,100%,Closed,مؤسسة عبدالطيف,,طرطشة  دوراول,100%,Closed,مؤسسة عبدالطيف,,لياسة  دوراول,100%,Closed,مؤسسة عبدالطيف,,طرطشة  دورالملحق,100%,Closed,مؤسسه الحزم,,لياسة  دورالملحق,100%,Closed,مؤسسه الحزم,,طرطشة خارجية للواجهات,74%,Open,مؤسسة 810,,لياسة خارجية للواجهات,74%,Open,مؤسسة 810
Z11,V6,87,,طرطشة  دور أ رضي ,100%,Closed,مؤسسة عبدالطيف,,لياسة  دورارضي,50%,Open,مؤسسة عبدالطيف,,طرطشة  دوراول,100%,Closed,مؤسسة عبداللطيف,,لياسة  دوراول,100%,Closed,مؤسسة عبداللطيف,,طرطشة  دورالملحق,100%,Closed,مؤسسه ايه كي ام ال,,لياسة  دورالملحق,90%,Retained,مؤسسه الحزم,,طرطشة خارجية للواجهات,100%,Closed,مؤسسه ايه كي ام ال,,لياسة خارجية للواجهات,100%,Closed,مؤسسه ايه كي ام ال
Z11,V6,88,,طرطشة  دور أ رضي ,100%,Closed,مؤسسة احتراف,,لياسة  دورارضي,100%,Closed,مؤسسة احتراف,,طرطشة  دوراول,100%,Closed,مؤسسة احتراف,,لياسة  دوراول,80%,Open,مؤسسة احتراف,,طرطشة  دورالملحق,100%,Closed,مؤسسه ايه كي ام ال,,لياسة  دورالملحق,90%,Retained,مؤسسه الحزم,,طرطشة خارجية للواجهات,100%,Closed,مؤسسه ايه كي ام ال,,لياسة خارجية للواجهات,100%,Closed,مؤسسه ايه كي ام ال
Z11,V6,89,,طرطشة  دور أ رضي ,100%,Closed,مؤسسة احتراف,,لياسة  دورارضي,100%,Closed,مؤسسة احتراف,,طرطشة  دوراول,100%,Closed,مؤسسة احتراف,,لياسة  دوراول,70%,Open,مؤسسة احتراف,,طرطشة  دورالملحق,,,,,لياسة  دورالملحق,100%,Closed,مؤسسه الحزم,,طرطشة خارجية للواجهات,100%,Closed,مؤسسه ايه كي ام ال,,لياسة خارجية للواجهات,100%,Closed,مؤسسه ايه كي ام ال
Z11,V6,90,,طرطشة  دور أ رضي ,100%,Closed,مؤسسة احتراف,,لياسة  دورارضي,100%,Closed,مؤسسة احتراف,,طرطشة  دوراول,100%,Closed,مؤسسة احتراف,,لياسة  دوراول,100%,Closed,مؤسسة احتراف,,طرطشة  دورالملحق,,,,,لياسة  دورالملحق,,,,,طرطشة خارجية للواجهات,100%,Closed,مؤسسه ايه كي ام ال,,لياسة خارجية للواجهات,100%,Closed,مؤسسه ايه كي ام ال
Z11,V6,91,,طرطشة  دور أ رضي ,100%,Closed,مؤسسة تقنين,,لياسة  دورارضي,,,,,طرطشة  دوراول,,,,,لياسة  دوراول,,,,,طرطشة  دورالملحق,100%,Closed,مؤسسه الحزم,,لياسة  دورالملحق,60%,Open,مؤسسه الحزم,,طرطشة خارجية للواجهات,100%,Closed,مؤسسه تباشير,,لياسة خارجية للواجهات,100%,Closed,مؤسسه ايه كي ام ال
Z11,V6,92,,طرطشة  دور أ رضي ,100%,Closed,مؤسسة تقنين,,لياسة  دورارضي,,,,,طرطشة  دوراول,,,,,لياسة  دوراول,100%,Closed,مؤسسه ايه كي ام ال,,طرطشة  دورالملحق,100%,Closed,مؤسسه ايه كي ام ال,,لياسة  دورالملحق,,,,,طرطشة خارجية للواجهات,100%,Closed,مؤسسه ايه كي ام ال,,لياسة خارجية للواجهات,100%,Closed,مؤسسه ايه كي ام ال
Z11,V6,93,,طرطشة  دور أ رضي ,100%,Closed,مؤسسة مسار المشاعر,,لياسة  دورارضي,100%,Closed,مؤسسة مسار المشاعر,,طرطشة  دوراول,,,,,لياسة  دوراول,100%,Closed,مؤسسه ايه كي ام ال,,طرطشة  دورالملحق,100%,Closed,مؤسسه ايه كي ام ال,,لياسة  دورالملحق,,,,,طرطشة خارجية للواجهات,100%,Closed,مؤسسه ايه كي ام ال,,لياسة خارجية للواجهات,100%,Closed,مؤسسه ايه كي ام ال
Z11,V6,94,,طرطشة  دور أ رضي ,100%,Closed,مؤسسة مسار المشاعر,,لياسة  دورارضي,100%,Closed,مؤسسة مسار المشاعر,,طرطشة  دوراول,100%,Closed,مؤسسه ايه كي ام ال,,لياسة  دوراول,100%,Closed,مؤسسه ايه كي ام ال,,طرطشة  دورالملحق,100%,Closed,مؤسسه ايه كي ام ال,,لياسة  دورالملحق,90%,Retained,مؤسسه الحزم,,طرطشة خارجية للواجهات,100%,Closed,مؤسسه ايه كي ام ال,,لياسة خارجية للواجهات,,,
Z11,V6,95,,طرطشة  دور أ رضي ,100%,Closed,مؤسسة مسار المشاعر,,لياسة  دورارضي,100%,Closed,مؤسسة مسار المشاعر,,طرطشة  دوراول,100%,Closed,مؤسسه ايه كي ام ال,,لياسة  دوراول,100%,Closed,مؤسسه ايه كي ام ال,,طرطشة  دورالملحق,100%,Closed,مؤسسه ايه كي ام ال,,لياسة  دورالملحق,90%,Retained,مؤسسه الحزم,,طرطشة خارجية للواجهات,100%,Closed,مؤسسه ايه كي ام ال,,لياسة خارجية للواجهات,100%,Closed,مؤسسه ايه كي ام ال
Z11,V6,96,,طرطشة  دور أ رضي ,100%,Closed,مؤسسة تقنين,,لياسة  دورارضي,,,,,طرطشة  دوراول,100%,Closed,مؤسسه ايه كي ام ال,,لياسة  دوراول,100%,Closed,مؤسسه ايه كي ام ال,,طرطشة  دورالملحق,100%,Closed,مؤسسه ايه كي ام ال,,لياسة  دورالملحق,,,,,طرطشة خارجية للواجهات,100%,Closed,مؤسسه ايه كي ام ال,,لياسة خارجية للواجهات,60%,Open,مؤسسه ايه كي ام ال
Z11,V6,97,,طرطشة  دور أ رضي ,100%,Closed,مؤسسة تقنين,,لياسة  دورارضي,70%,Open,مؤسسة تقنين,,طرطشة  دوراول,100%,Closed,مؤسسه ايه كي ام ال,,لياسة  دوراول,100%,Closed,مؤسسه ايه كي ام ال,,طرطشة  دورالملحق,,,,,لياسة  دورالملحق,100%,Closed,مؤسسه ماجد فوزان,,طرطشة خارجية للواجهات,,,,,لياسة خارجية للواجهات,75%,Open,مؤسسه ماجد فوزان
Z11,V6,98,,طرطشة  دور أ رضي ,100%,Closed,مؤسسة تقنين,,لياسة  دورارضي,70%,Open,مؤسسة تقنين,,طرطشة  دوراول,100%,Closed,مؤسسه ايه كي ام ال,,لياسة  دوراول,100%,Closed,مؤسسه ايه كي ام ال,,طرطشة  دورالملحق,,,,,لياسة  دورالملحق,,,,,طرطشة خارجية للواجهات,,,,,لياسة خارجية للواجهات,,,
Z11,V6,99,,طرطشة  دور أ رضي ,100%,Closed,مؤسسة تقنين,,لياسة  دورارضي,70%,Open,مؤسسة تقنين,,طرطشة  دوراول,100%,Closed,مؤسسه ايه كي ام ال,,لياسة  دوراول,100%,Closed,مؤسسه ايه كي ام ال,,طرطشة  دورالملحق,,,,,لياسة  دورالملحق,,,,,طرطشة خارجية للواجهات,100%,Closed,الصدقه / محمد السيد حسن رضا,,لياسة خارجية للواجهات,,,
Z11,V4a,100,,طرطشة  دور أ رضي ,100%,Closed,مؤسسة تقنين,,لياسة  دورارضي,70%,Open,مؤسسة تقنين,,طرطشة  دوراول,100%,Closed,مؤسسه حسن رضا,,لياسة  دوراول,90%,Retained,مؤسسه حسن رضا / الصدقه محمد السيد,,طرطشة  دورالملحق,100%,Closed,الصدقه / السيد محمد حامد,,لياسة  دورالملحق,100%,Closed,الصدقه / السيد محمد حامد,,طرطشة خارجية للواجهات,100%,Closed,الصدقه / السيد محمد حامد,,لياسة خارجية للواجهات,100%,Closed,الصدقه  السيد محمد حامد
Z11,V4a,101,,طرطشة  دور أ رضي ,100%,Closed,مؤسسة تقنين,,لياسة  دورارضي,,,,,طرطشة  دوراول,100%,Closed,مؤسسه حسن رضا,,لياسة  دوراول,90%,Retained,مؤسسه حسن رضا / الصدقه محمد السيد,,طرطشة  دورالملحق,100%,Closed,الصدقه / السيد محمد حامد,,لياسة  دورالملحق,100%,Closed,الصدقه / السيد محمد حامد,,طرطشة خارجية للواجهات,100%,Closed,الصدقه / السيد محمد حامد,,لياسة خارجية للواجهات,100%,Closed,الصدقه  السيد محمد حامد
Z11,V4a,102,,طرطشة  دور أ رضي ,100%,Closed,مؤسسة تقنين,,لياسة  دورارضي,,,,,طرطشة  دوراول,100%,Closed,مؤسسه حسن رضا,,لياسة  دوراول,90%,Retained,مؤسسه حسن رضا / الصدقه محمد السيد,,طرطشة  دورالملحق,100%,Closed,الصدقه / السيد محمد حامد,,لياسة  دورالملحق,100%,Closed,الصدقه / السيد محمد حامد,,طرطشة خارجية للواجهات,,,,,لياسة خارجية للواجهات,100%,Closed,الصدقه  السيد محمد حامد
Z15,V1a,156,,طرطشة  دور أ رضي ,100%,Closed,مؤسسة 810,,لياسة  دورارضي,90%,Retained,مؤسسة 810,,طرطشة  دوراول,100%,Closed,مؤسسة الاوائل,,لياسة  دوراول,100%,Closed,مؤسسة الاوائل,,طرطشة  دورالملحق,100%,Closed,مؤسسة الاوائل,,لياسة  دورالملحق,,,,,طرطشة خارجية للواجهات,,,,,لياسة خارجية للواجهات,,,
Z15,V1a,157,,طرطشة  دور أ رضي ,100%,Closed,مؤسسه الرابط المتكامل,,لياسة  دورارضي,100%,Closed,مؤسسه الرابط المتكامل,,طرطشة  دوراول,100%,Closed,مؤسسه الرابط المتكامل,,لياسة  دوراول,100%,Closed,مؤسسه الرابط المتكامل,,طرطشة  دورالملحق,100%,Closed,مؤسسه الرابط المتكامل,,لياسة  دورالملحق,100%,Closed,مؤسسه الرابط المتكامل,,طرطشة خارجية للواجهات,100%,Closed,الصدقه  السيد محمد حامد,,لياسة خارجية للواجهات,100%,Closed,الصدقه  السيد محمد حامد
Z15,V1a,158,,طرطشة  دور أ رضي ,100%,Closed,مؤسسة 810,,لياسة  دورارضي,90%,Retained,الصدقه / ايمن ,,طرطشة  دوراول,100%,Closed,مؤسسة الاوائل,,لياسة  دوراول,100%,Closed,مؤسسة الاوائل,,طرطشة  دورالملحق,100%,Closed,مؤسسة الاوائل,,لياسة  دورالملحق,,,,,طرطشة خارجية للواجهات,,,,,لياسة خارجية للواجهات,,,
Z15,V1a,159,,طرطشة  دور أ رضي ,100%,Closed,شركه التسديد,,لياسة  دورارضي,100%,Closed,شركه التسديد,,طرطشة  دوراول,100%,Closed,شركه التسديد,,لياسة  دوراول,100%,Closed,شركه التسديد,,طرطشة  دورالملحق,100%,Closed,شركه التسديد,,لياسة  دورالملحق,100%,Closed,شركه التسديد,,طرطشة خارجية للواجهات,100%,Closed,شركه التسديد,,لياسة خارجية للواجهات,90%,Retained,شركه التسديد
Z15,V1a,160,,طرطشة  دور أ رضي ,100%,Closed,مؤسسة 810,,لياسة  دورارضي,100%,Closed,مؤسسة 810,,طرطشة  دوراول,100%,Closed,مؤسسة الاوائل,,لياسة  دوراول,100%,Closed,مؤسسة الاوائل,,طرطشة  دورالملحق,100%,Closed,مؤسسة الاوائل,,لياسة  دورالملحق,100%,Closed,مؤسسة الاوائل,,طرطشة خارجية للواجهات,100%,Closed,مؤسسة الاوائل,,لياسة خارجية للواجهات,,,
Z15,V5,161,,طرطشة  دور أ رضي ,,,,,لياسة  دورارضي,,,,,طرطشة  دوراول,100%,Closed,مؤسسه الحزم,,لياسة  دوراول,100%,Closed,مؤسسه الحزم,,طرطشة  دورالملحق,100%,Closed,مؤسسه الحزم,,لياسة  دورالملحق,100%,Closed,مؤسسه الحزم,,طرطشة خارجية للواجهات,100%,Closed,الصدقه / ايمن ,,لياسة خارجية للواجهات,100%,Closed,الصدقه / ايمن 
Z15,V1a,162,,طرطشة  دور أ رضي ,100%,Closed,مؤسسة الاوائل,,لياسة  دورارضي,90%,Retained,مؤسسة الاوائل,,طرطشة  دوراول,100%,Closed,مؤسسة الاوائل,,لياسة  دوراول,100%,Closed,مؤسسة الاوائل,,طرطشة  دورالملحق,100%,Closed,مؤسسة الاوائل,,لياسة  دورالملحق,,,,,طرطشة خارجية للواجهات,,,,,لياسة خارجية للواجهات,,,
Z15,V5,163,,طرطشة  دور أ رضي ,100%,Closed,مؤسسه عهود عابد,,لياسة  دورارضي,100%,Closed,مؤسسه عهود عابد,,طرطشة  دوراول,100%,Closed,مؤسسه الحزم,,لياسة  دوراول,100%,Closed,مؤسسه الحزم,,طرطشة  دورالملحق,100%,Closed,مؤسسه الحزم,,لياسة  دورالملحق,100%,Closed,مؤسسه الحزم,,طرطشة خارجية للواجهات,100%,Closed,الصدقه / ايمن ,,لياسة خارجية للواجهات,60%,Open,الصدقه / ايمن 
Z15,V1a,164,,طرطشة  دور أ رضي ,100%,Closed,مؤسسه كاسب رجاء,,لياسة  دورارضي,90%,Retained,مؤسسه كاسب رجاء,,طرطشة  دوراول,100%,Closed,مؤسسة الاوائل,,لياسة  دوراول,100%,Closed,مؤسسة الاوائل,,طرطشة  دورالملحق,100%,Closed,مؤسسة الاوائل,,لياسة  دورالملحق,,,,,طرطشة خارجية للواجهات,,,,,لياسة خارجية للواجهات,,,
Z15,V5,165,,طرطشة  دور أ رضي ,100%,Closed,مؤسسه مسارات,,لياسة  دورارضي,90%,Retained,مؤسسه مسارات,,طرطشة  دوراول,,,,,لياسة  دوراول,100%,Closed,مؤسسه الحزم,,طرطشة  دورالملحق,100%,Closed,مؤسسه الحزم,,لياسة  دورالملحق,100%,Closed,مؤسسه الحزم,,طرطشة خارجية للواجهات,100%,Closed,الصدقه / ايمن ,,لياسة خارجية للواجهات,60%,Open,الصدقه / ايمن 
Z15,V1a,166,,طرطشة  دور أ رضي ,100%,Closed,مؤسسه كاسب رجاء,,لياسة  دورارضي,90%,Retained,مؤسسه كاسب رجاء,,طرطشة  دوراول,100%,Closed,مؤسسة الاوائل,,لياسة  دوراول,100%,Closed,مؤسسة الاوائل,,طرطشة  دورالملحق,100%,Closed,مؤسسة الاوائل,,لياسة  دورالملحق,,,,,طرطشة خارجية للواجهات,100%,Closed,مؤسسه ترسانة الغربية,,لياسة خارجية للواجهات,,,
Z15,V5,167,,طرطشة  دور أ رضي ,100%,Closed,مؤسسه مسارات,,لياسة  دورارضي,90%,Retained,مؤسسه مسارات,,طرطشة  دوراول,100%,Closed,مؤسسه الحزم,,لياسة  دوراول,100%,Closed,مؤسسه الحزم,,طرطشة  دورالملحق,100%,Closed,مؤسسه الحزم,,لياسة  دورالملحق,100%,Closed,مؤسسه الحزم,,طرطشة خارجية للواجهات,90%,Retained,مؤسسة حلول ورا وفد,,لياسة خارجية للواجهات,95%,Retained,مؤسسة حلول ورا وفد
Z15,V1a,168,,طرطشة  دور أ رضي ,100%,Closed,مؤسسة الاوائل,,لياسة  دورارضي,90%,Retained,مؤسسة الاوائل,,طرطشة  دوراول,100%,Closed,مؤسسة الاوائل,,لياسة  دوراول,100%,Closed,مؤسسة الاوائل,,طرطشة  دورالملحق,100%,Closed,مؤسسة الاوائل,,لياسة  دورالملحق,,,,,طرطشة خارجية للواجهات,100%,Closed,مؤسسه ترسانة الغربية,,لياسة خارجية للواجهات,,,
Z15,V5,169,,طرطشة  دور أ رضي ,100%,Closed,شركة الصدقه / بخيت,,لياسة  دورارضي,90%,Retained,شركة الصدقه / بخيت,,طرطشة  دوراول,,,,,لياسة  دوراول,90%,Retained,شركة الصدقه / بخيت,,طرطشة  دورالملحق,100%,Closed,مؤسسة حلول وروافد,,لياسة  دورالملحق,90%,Retained,مؤسسة حلول وروافد,,طرطشة خارجية للواجهات,100%,Closed,مؤسسة حلول وروافد,,لياسة خارجية للواجهات,90%,Retained,مؤسسة حلول وروافد
Z15,V3b,170,,طرطشة  دور أ رضي ,100%,Closed,مؤسسة الاوائل,,لياسة  دورارضي,100%,Closed,مؤسسة الاوائل,,طرطشة  دوراول,100%,Closed,مؤسسة الاوائل,,لياسة  دوراول,100%,Closed,مؤسسة الاوائل,,طرطشة  دورالملحق,,,مؤسسة الاوائل,,لياسة  دورالملحق,,,,,طرطشة خارجية للواجهات,,,,,لياسة خارجية للواجهات,,,
Z15,V3b,171,,طرطشة  دور أ رضي ,100%,Closed,الصدقه  / علي محمد,,لياسة  دورارضي,100%,Closed,الصدقه  / علي محمد,,طرطشة  دوراول,100%,Closed,الصدقه  / علي محمد,,لياسة  دوراول,100%,Closed,الصدقه  / علي محمد,,طرطشة  دورالملحق,100%,Closed,مؤسسه الحزم,,لياسة  دورالملحق,100%,Closed,مؤسسه الحزم,,طرطشة خارجية للواجهات,100%,Closed,مؤسسة حلول وروافد,,لياسة خارجية للواجهات,,,
Z15,V1a,172,,طرطشة  دور أ رضي ,100%,Closed,مؤسسة 810,,لياسة  دورارضي,60%,Open,مؤسسة 810,,طرطشة  دوراول,100%,Closed,مؤسسة الاوائل,,لياسة  دوراول,100%,Closed,مؤسسة الاوائل,,طرطشة  دورالملحق,,,,,لياسة  دورالملحق,,,,,طرطشة خارجية للواجهات,,,,,لياسة خارجية للواجهات,,,
Z15,V5,173,,طرطشة  دور أ رضي ,100%,Closed,شركة الصدقه / بخيت,,لياسة  دورارضي,90%,Retained,شركة الصدقه / بخيت,,طرطشة  دوراول,,,,,لياسة  دوراول,90%,Retained,شركة الصدقه / بخيت,,طرطشة  دورالملحق,100%,Closed,شركة الصدقه / بخيت,,لياسة  دورالملحق,90%,Retained,شركة الصدقه / بخيت,,طرطشة خارجية للواجهات,100%,Closed,مؤسسة حلول وروافد,,لياسة خارجية للواجهات,85%,Open,مؤسسة حلول وروافد
Z15,V1a,174,,طرطشة  دور أ رضي ,100%,Closed,مؤسسة 810,,لياسة  دورارضي,60%,Open,مؤسسة 810,,طرطشة  دوراول,100%,Closed,مؤسسة الاوائل,,لياسة  دوراول,100%,Closed,مؤسسة الاوائل,,طرطشة  دورالملحق,,,,,لياسة  دورالملحق,,,,,طرطشة خارجية للواجهات,100%,Closed,مؤسسة الاوائل,,لياسة خارجية للواجهات,,,
Z15,V5,175,,طرطشة  دور أ رضي ,100%,Closed,مؤسسة احتراف,,لياسة  دورارضي,90%,Retained,مؤسسة احتراف,,طرطشة  دوراول,100%,Closed,مؤسسه الحزم,,لياسة  دوراول,100%,Closed,مؤسسه الحزم,,طرطشة  دورالملحق,100%,Closed,مؤسسه الحزم,,لياسة  دورالملحق,100%,Closed,مؤسسه الحزم,,طرطشة خارجية للواجهات,100%,Closed,مؤسسة حلول وروافد,,لياسة خارجية للواجهات,60%,Open,مؤسسة حلول وروافد
Z15,V1a,176,,طرطشة  دور أ رضي ,100%,Closed,مؤسسة 810,,لياسة  دورارضي,60%,Open,مؤسسة 810,,طرطشة  دوراول,100%,Closed,مؤسسة الاوائل,,لياسة  دوراول,100%,Closed,مؤسسة الاوائل,,طرطشة  دورالملحق,,,,,لياسة  دورالملحق,,,,,طرطشة خارجية للواجهات,100%,Closed,مؤسسة الاوائل,,لياسة خارجية للواجهات,,,
Z15,V5,177,,طرطشة  دور أ رضي ,100%,Closed,مؤسسة احتراف,,لياسة  دورارضي,90%,Retained,مؤسسة احتراف,,طرطشة  دوراول,100%,Closed,مؤسسة احتراف,,لياسة  دوراول,90%,Retained,مؤسسة احتراف,,طرطشة  دورالملحق,,,,,لياسة  دورالملحق,100%,Closed,مؤسسة احتراف,,طرطشة خارجية للواجهات,100%,Closed,مؤسسة حلول وروافد,,لياسة خارجية للواجهات,60%,Open,مؤسسة حلول وروافد
Z15,V1a,178,,طرطشة  دور أ رضي ,100%,Closed,مؤسسة 810,,لياسة  دورارضي,60%,Open,مؤسسة 810,,طرطشة  دوراول,100%,Closed,مؤسسة الاوائل,,لياسة  دوراول,100%,Closed,مؤسسة الاوائل,,طرطشة  دورالملحق,100%,Closed,مؤسسة الاوائل,,لياسة  دورالملحق,,,,,طرطشة خارجية للواجهات,100%,Closed,مؤسسة الاوائل,,لياسة خارجية للواجهات,100%,Closed,مؤسسة الاوائل
Z15,V5,179,,طرطشة  دور أ رضي ,100%,Closed,مؤسسة احتراف,,لياسة  دورارضي,100%,Closed,مؤسسة احتراف,,طرطشة  دوراول,100%,Closed,مؤسسة احتراف,,لياسة  دوراول,90%,Retained,مؤسسة احتراف,,طرطشة  دورالملحق,,,,,لياسة  دورالملحق,100%,Closed,مؤسسة احتراف,,طرطشة خارجية للواجهات,100%,Closed,مؤسسة حلول وروافد,,لياسة خارجية للواجهات,,,
Z15,V1a,180,,طرطشة  دور أ رضي ,100%,Closed,مؤسسة 810,,لياسة  دورارضي,90%,Retained,مؤسسة 810,,طرطشة  دوراول,100%,Closed,مؤسسة الاوائل,,لياسة  دوراول,100%,Closed,مؤسسة الاوائل,,طرطشة  دورالملحق,100%,Closed,مؤسسة الاوائل,,لياسة  دورالملحق,,,,,طرطشة خارجية للواجهات,100%,Closed,مؤسسة الاوائل,,لياسة خارجية للواجهات,,,
Z15,V5,181,,طرطشة  دور أ رضي ,100%,Closed,مؤسسة احتراف,,لياسة  دورارضي,100%,Closed,مؤسسة احتراف,,طرطشة  دوراول,100%,Closed,مؤسسة احتراف,,لياسة  دوراول,90%,Retained,مؤسسة احتراف,,طرطشة  دورالملحق,,,,,لياسة  دورالملحق,100%,Closed,مؤسسة احتراف,,طرطشة خارجية للواجهات,100%,Closed,الصدقه  السيد محمد حامد,,لياسة خارجية للواجهات,60%,Open,الصدقه  السيد محمد حامد
Z15,V1a,182,,طرطشة  دور أ رضي ,100%,Closed,مؤسسة 810,,لياسة  دورارضي,90%,Retained,مؤسسة 810,,طرطشة  دوراول,100%,Closed,مؤسسة الاوائل,,لياسة  دوراول,100%,Closed,مؤسسة الاوائل,,طرطشة  دورالملحق,100%,Closed,مؤسسة الاوائل,,لياسة  دورالملحق,,,,,طرطشة خارجية للواجهات,100%,Closed,مؤسسة الاوائل,,لياسة خارجية للواجهات,100%,Closed,مؤسسة الاوائل
Z15,V5,183,,طرطشة  دور أ رضي ,100%,Closed,مؤسسة احتراف,,لياسة  دورارضي,100%,Closed,مؤسسة احتراف,,طرطشة  دوراول,,,,,لياسة  دوراول,90%,Retained,مؤسسة احتراف,,طرطشة  دورالملحق,100%,Closed,الصدقه  السيد محمد,,لياسة  دورالملحق,90%,Retained,الصدقه  السيد محمد,,طرطشة خارجية للواجهات,100%,Closed,الصدقه  السيد محمد,,لياسة خارجية للواجهات,85%,Open,الصدقه  السيد محمد
Z15,V1a,184,,طرطشة  دور أ رضي ,100%,Closed,مؤسسة 810,,لياسة  دورارضي,100%,Closed,مؤسسة 810,,طرطشة  دوراول,100%,Closed,مؤسسة الاوائل,,لياسة  دوراول,100%,Closed,مؤسسة الاوائل,,طرطشة  دورالملحق,100%,Closed,مؤسسة الاوائل,,لياسة  دورالملحق,,,,,طرطشة خارجية للواجهات,100%,Closed,مؤسسة الاوائل,,لياسة خارجية للواجهات,100%,Closed,مؤسسة الاوائل
Z15,V1a,185,,طرطشة  دور أ رضي ,100%,Closed,الصدقه  السيد محمد,,لياسة  دورارضي,60%,Open,الصدقه  السيد محمد,,طرطشة  دوراول,100%,Closed,الصدقه  السيد محمد,,لياسة  دوراول,90%,Retained,الصدقه  السيد محمد,,طرطشة  دورالملحق,100%,Closed,الصدقه  السيد محمد,,لياسة  دورالملحق,90%,Retained,الصدقه  السيد محمد,,طرطشة خارجية للواجهات,100%,Closed,الصدقه  السيد محمد حامد,,لياسة خارجية للواجهات,100%,Closed,الصدقه  السيد محمد حامد
Z15,V1a,186,,طرطشة  دور أ رضي ,100%,Closed,مؤسسة الاوائل,,لياسة  دورارضي,,,,,طرطشة  دوراول,100%,Closed,مؤسسة الاوائل,,لياسة  دوراول,100%,Closed,مؤسسة الاوائل,,طرطشة  دورالملحق,100%,Closed,مؤسسة الاوائل,,لياسة  دورالملحق,100%,Closed,مؤسسة الاوائل,,طرطشة خارجية للواجهات,100%,Closed,مؤسسة الاوائل,,لياسة خارجية للواجهات,100%,Closed,مؤسسة الاوائل
Z15,V1a,187,,طرطشة  دور أ رضي ,100%,Closed,الصدقه  السيد محمد,,لياسة  دورارضي,90%,Retained,الصدقه  السيد محمد,,طرطشة  دوراول,100%,Closed,الصدقه  السيد محمد,,لياسة  دوراول,90%,Retained,الصدقه  السيد محمد,,طرطشة  دورالملحق,100%,Closed,الصدقه  السيد محمد حامد,,لياسة  دورالملحق,90%,Retained,الصدقه  السيد محمد حامد,,طرطشة خارجية للواجهات,100%,Closed,الصدقه  السيد محمد حامد,,لياسة خارجية للواجهات,100%,Closed,الصدقه  السيد محمد حامد
Z16,V1b,188,,طرطشة  دور أ رضي ,100%,Closed,مؤسسة بداية,,لياسة  دورارضي,95%,Retained,مؤسسة بداية,,طرطشة  دوراول,100%,Closed,مؤسسة الاوائل,,لياسة  دوراول,100%,Closed,مؤسسة الاوائل,,طرطشة  دورالملحق,100%,Closed,مؤسسة تقنين,,لياسة  دورالملحق,100%,Closed,مؤسسة تقنين,,طرطشة خارجية للواجهات,100%,Closed,مؤسسة تقنين,,لياسة خارجية للواجهات,100%,Closed,مؤسسة تقنين
Z16,V1b,189,,طرطشة  دور أ رضي ,100%,Closed,مؤسسة بداية,,لياسة  دورارضي,95%,Retained,مؤسسة بداية,,طرطشة  دوراول,100%,Closed,مؤسسة الاوائل,,لياسة  دوراول,100%,Closed,مؤسسة الاوائل,,طرطشة  دورالملحق,,,,,لياسة  دورالملحق,,,,,طرطشة خارجية للواجهات,,,,,لياسة خارجية للواجهات,,,
Z16,V1b,190,,طرطشة  دور أ رضي ,100%,Closed,مؤسسة الاوائل,,لياسة  دورارضي,100%,Closed,مؤسسة الاوائل,,طرطشة  دوراول,100%,Closed,مؤسسة الاوائل,,لياسة  دوراول,90%,Retained,مؤسسه الحزم,,طرطشة  دورالملحق,100%,Closed,مؤسسة تقنين,,لياسة  دورالملحق,,,,,طرطشة خارجية للواجهات,100%,Closed,مؤسسة تقنين,,لياسة خارجية للواجهات,100%,Closed,مؤسسة تقنين
Z16,V1b,191,,طرطشة  دور أ رضي ,100%,Closed,مؤسسة ريناد,,لياسة  دورارضي,90%,Retained,مؤسسة ريناد,,طرطشة  دوراول,100%,Closed,مؤسسة ريناد,,لياسة  دوراول,90%,Retained,مؤسسة ريناد,,طرطشة  دورالملحق,,,,,لياسة  دورالملحق,,,,,طرطشة خارجية للواجهات,100%,Closed,شركه احمد سمير,,لياسة خارجية للواجهات,100%,Closed,شركه احمد سمير
Z16,V1b,192,,طرطشة  دور أ رضي ,100%,Closed,مؤسسة ريناد,,لياسة  دورارضي,70%,Open,مؤسسة ريناد,,طرطشة  دوراول,100%,Closed,مؤسسة ريناد,,لياسة  دوراول,,,,,طرطشة  دورالملحق,100%,Closed,مؤسسه سعد صنهات,,لياسة  دورالملحق,,,,,طرطشة خارجية للواجهات,100%,Closed,مؤسسه سعد صنهات,,لياسة خارجية للواجهات,90%,Retained,مؤسسه سعد صنهات
Z16,V1b,193,,طرطشة  دور أ رضي ,100%,Closed,مؤسسة الاوائل,,لياسة  دورارضي,100%,Closed,مؤسسة الاوائل,,طرطشة  دوراول,90%,Retained,شركه احمد سمير,,لياسة  دوراول,60%,Open,شركه احمد سمير,,طرطشة  دورالملحق,100%,Closed,شركه احمد سمير,,لياسة  دورالملحق,100%,Closed,شركه احمد سمير,,طرطشة خارجية للواجهات,,,,,لياسة خارجية للواجهات,,,
Z16,V1b,194,,طرطشة  دور أ رضي ,100%,Closed,مؤسسة ريناد,,لياسة  دورارضي,90%,Retained,مؤسسة ريناد,,طرطشة  دوراول,100%,Closed,مؤسسة ريناد,,لياسة  دوراول,,,,,طرطشة  دورالملحق,100%,Closed,مؤسسه سعد صنهات,,لياسة  دورالملحق,,,,,طرطشة خارجية للواجهات,100%,Closed,مؤسسه سعد صنهات,,لياسة خارجية للواجهات,90%,Retained,مؤسسه سعد صنهات
Z16,V1b,195,,طرطشة  دور أ رضي ,,,,,لياسة  دورارضي,,,,,طرطشة  دوراول,90%,Retained,شركه احمد سمير,,لياسة  دوراول,60%,Open,شركه احمد سمير,,طرطشة  دورالملحق,,,,,لياسة  دورالملحق,,,,,طرطشة خارجية للواجهات,100%,Closed,مؤسسة تقنين,,لياسة خارجية للواجهات,,,
Z16,V1b,196,,طرطشة  دور أ رضي ,100%,Closed,مؤسسة ريناد,,لياسة  دورارضي,70%,Open,مؤسسة ريناد,,طرطشة  دوراول,,,,,لياسة  دوراول,,,,,طرطشة  دورالملحق,,,,,لياسة  دورالملحق,,,,,طرطشة خارجية للواجهات,,,,,لياسة خارجية للواجهات,,,
Z16,V1b,197,,طرطشة  دور أ رضي ,100%,Closed,مؤسسة ريناد,,لياسة  دورارضي,90%,Retained,مؤسسة ريناد,,طرطشة  دوراول,,,,,لياسة  دوراول,,,,,طرطشة  دورالملحق,100%,Closed,الصدقه اسلام محمدسيدمحمد,,لياسة  دورالملحق,50%,Open,الصدقه اسلام محمدسيدمحمد,,طرطشة خارجية للواجهات,,,,,لياسة خارجية للواجهات,,,
Z16,V3b,198,,طرطشة  دور أ رضي ,100%,Closed,مؤسسة ريناد,,لياسة  دورارضي,70%,Open,مؤسسة ريناد,,طرطشة  دوراول,100%,Closed,مؤسسة ريناد,,لياسة  دوراول,90%,Retained,مؤسسة ريناد,,طرطشة  دورالملحق,,,,,لياسة  دورالملحق,,,,,طرطشة خارجية للواجهات,,,,,لياسة خارجية للواجهات,,,
Z16,V3b,199,,طرطشة  دور أ رضي ,,,,,لياسة  دورارضي,,,,,طرطشة  دوراول,,,,,لياسة  دوراول,,,,,طرطشة  دورالملحق,,,,,لياسة  دورالملحق,,,,,طرطشة خارجية للواجهات,,,,,لياسة خارجية للواجهات,,,
Z16,V1b,200,,طرطشة  دور أ رضي ,100%,Closed,مؤسسة ريناد,,لياسة  دورارضي,100%,Closed,مؤسسة الاوائل,,طرطشة  دوراول,100%,Closed,مؤسسة الاوائل,,لياسة  دوراول,100%,Closed,مؤسسة الاوائل,,طرطشة  دورالملحق,,,,,لياسة  دورالملحق,,,,,طرطشة خارجية للواجهات,100%,Closed,مؤسسه سعد صنهات,,لياسة خارجية للواجهات,60%,Open,مؤسسه سعد صنهات
Z16,V1b,201,,طرطشة  دور أ رضي ,100%,Closed,مؤسسة الاوائل,,لياسة  دورارضي,100%,Closed,مؤسسة الاوائل,,طرطشة  دوراول,100%,Closed,مؤسسة الاوائل,,لياسة  دوراول,,,,,طرطشة  دورالملحق,,,,,لياسة  دورالملحق,,,,,طرطشة خارجية للواجهات,,,,,لياسة خارجية للواجهات,,,
Z16,V1b,202,,طرطشة  دور أ رضي ,100%,Closed,مؤسسة الاوائل,,لياسة  دورارضي,100%,Closed,مؤسسة الاوائل,,طرطشة  دوراول,100%,Closed,مؤسسة الاوائل,,لياسة  دوراول,100%,Closed,مؤسسة الاوائل,,طرطشة  دورالملحق,,,,,لياسة  دورالملحق,,,,,طرطشة خارجية للواجهات,100%,Closed,مؤسسه سعد صنهات,,لياسة خارجية للواجهات,60%,Open,مؤسسه سعد صنهات
Z16,V1b,203,,طرطشة  دور أ رضي ,100%,Closed,مؤسسة الاوائل,,لياسة  دورارضي,100%,Closed,مؤسسة الاوائل,,طرطشة  دوراول,,,,,لياسة  دوراول,100%,Closed,مؤسسة الاوائل,,طرطشة  دورالملحق,,,,,لياسة  دورالملحق,,,,,طرطشة خارجية للواجهات,100%,Closed,مؤسسه جبال المعرفه,,لياسة خارجية للواجهات,60%,Open,مؤسسه جبال المعرفه
Z16,V1b,204,,طرطشة  دور أ رضي ,100%,Closed,مؤسسة الاوائل,,لياسة  دورارضي,100%,Closed,مؤسسة الاوائل,,طرطشة  دوراول,100%,Closed,مؤسسة الاوائل,,لياسة  دوراول,100%,Closed,مؤسسة الاوائل,,طرطشة  دورالملحق,,,,,لياسة  دورالملحق,,,,,طرطشة خارجية للواجهات,100%,Closed,مؤسسه سعد صنهات,,لياسة خارجية للواجهات,60%,Open,مؤسسه سعد صنهات
Z16,V1b,205,,طرطشة  دور أ رضي ,100%,Closed,مؤسسة الاوائل,,لياسة  دورارضي,100%,Closed,مؤسسة الاوائل,,طرطشة  دوراول,100%,Closed,مؤسسة الاوائل,,لياسة  دوراول,,,,,طرطشة  دورالملحق,100%,Closed,مؤسسه جبال المعرفه,,لياسة  دورالملحق,,,,,طرطشة خارجية للواجهات,100%,Closed,مؤسسه جبال المعرفه,,لياسة خارجية للواجهات,60%,Open,مؤسسه جبال المعرفه
Z16,V1b,206,,طرطشة  دور أ رضي ,100%,Closed,مؤسسة الاوائل,,لياسة  دورارضي,100%,Closed,مؤسسة الاوائل,,طرطشة  دوراول,100%,Closed,مؤسسة الاوائل,,لياسة  دوراول,90%,Retained,مؤسسه الحزم,,طرطشة  دورالملحق,,,,,لياسة  دورالملحق,,,,,طرطشة خارجية للواجهات,,,,,لياسة خارجية للواجهات,,,
Z16,V1b,207,,طرطشة  دور أ رضي ,100%,Closed,مؤسسة الاوائل,,لياسة  دورارضي,100%,Closed,مؤسسة الاوائل,,طرطشة  دوراول,,,,,لياسة  دوراول,,,,,طرطشة  دورالملحق,,,,,لياسة  دورالملحق,,,,,طرطشة خارجية للواجهات,,,,,لياسة خارجية للواجهات,,,
Z16,V2,208,,طرطشة  دور أ رضي ,100%,Closed,شركة الصدقه /  محمد افضل,,لياسة  دورارضي,100%,Closed,شركة الصدقه /  محمد افضل,,طرطشة  دوراول,100%,Closed,شركة الصدقه /  محمد افضل,,لياسة  دوراول,100%,Closed,شركة الصدقه /  محمد افضل,,طرطشة  دورالملحق,,,,,لياسة  دورالملحق,,,,,طرطشة خارجية للواجهات,,,,,لياسة خارجية للواجهات,,,
Z16,V2,209,,طرطشة  دور أ رضي ,100%,Closed,شركه الصدقه / محمد افضل,,لياسة  دورارضي,,,,,طرطشة  دوراول,100%,Closed,شركه الصدقه / محمد افضل,,لياسة  دوراول,80%,Open,شركة الصدقه /  محمد افضل,,طرطشة  دورالملحق,,,,,لياسة  دورالملحق,,,,,طرطشة خارجية للواجهات,,,,,لياسة خارجية للواجهات,,,
Z17,V2,210,,طرطشة  دور أ رضي ,100%,Closed,مؤسسة اغراس الطبيعه,,لياسة  دورارضي,100%,Closed,مؤسسة اغراس الطبيعه,,طرطشة  دوراول,100%,Closed,مؤسسة عبدالطيف,,لياسة  دوراول,100%,Closed,مؤسسة عبدالطيف,,طرطشة  دورالملحق,,,,,لياسة  دورالملحق,,,,,طرطشة خارجية للواجهات,75%,Open,مباني النخبه,,لياسة خارجية للواجهات,75%,Open,مباني النخبه
Z17,V2,211,,طرطشة  دور أ رضي ,100%,Closed,مؤسسة مباني النخبة,,لياسة  دورارضي,100%,Closed,مؤسسة مباني النخبة,,طرطشة  دوراول,100%,Closed,مؤسسة عبداللطيف,,لياسة  دوراول,100%,Closed,مؤسسة عبداللطيف,,طرطشة  دورالملحق,,,,,لياسة  دورالملحق,,,,,طرطشة خارجية للواجهات,75%,Open,مباني النخبه,,لياسة خارجية للواجهات,75%,Open,مباني النخبه
Z17,V3b,212,,طرطشة  دور أ رضي ,100%,Closed,مؤسسة اغراس الطبيعه,,لياسة  دورارضي,100%,Closed,مؤسسة اغراس الطبيعه,,طرطشة  دوراول,100%,Closed,مؤسسة عبدالطيف,,لياسة  دوراول,100%,Closed,مؤسسة عبدالطيف,,طرطشة  دورالملحق,,,,,لياسة  دورالملحق,,,,,طرطشة خارجية للواجهات,77%,Open,مباني النخبه,,لياسة خارجية للواجهات,77%,Open,مباني النخبه
Z17,V3b,213,,طرطشة  دور أ رضي ,100%,Closed,مؤسسة مباني النخبة,,لياسة  دورارضي,100%,Closed,مؤسسة مباني النخبة,,طرطشة  دوراول,100%,Closed,مؤسسه عبدالطيف,,لياسة  دوراول,100%,Closed,مؤسسه عبدالطيف,,طرطشة  دورالملحق,,,,,لياسة  دورالملحق,,,,,طرطشة خارجية للواجهات,77%,Open,مباني النخبه,,لياسة خارجية للواجهات,77%,Open,مباني النخبه
Z17,V2,214,,طرطشة  دور أ رضي ,100%,Closed,مؤسسة اغراس الطبيعه,,لياسة  دورارضي,100%,Closed,مؤسسة اغراس الطبيعه,,طرطشة  دوراول,100%,Closed,مؤسسة عبدالطيف,,لياسة  دوراول,100%,Closed,مؤسسة عبدالطيف,,طرطشة  دورالملحق,,,,,لياسة  دورالملحق,,,,,طرطشة خارجية للواجهات,75%,Open,مباني النخبه,,لياسة خارجية للواجهات,75%,Open,مباني النخبه
Z17,V2,215,,طرطشة  دور أ رضي ,100%,Closed,مؤسسة خلود,,لياسة  دورارضي,,,,,طرطشة  دوراول,100%,Closed,مؤسسة عبداللطيف,,لياسة  دوراول,100%,Closed,مؤسسة عبداللطيف,,طرطشة  دورالملحق,100%,Closed,مؤسسه الحزم,,لياسة  دورالملحق,60%,Open,مؤسسه الحزم,,طرطشة خارجية للواجهات,75%,Open,مباني النخبه,,لياسة خارجية للواجهات,75%,Open,مباني النخبه
Z17,V3a,216,,طرطشة  دور أ رضي ,100%,Closed,مؤسسة خلود,,لياسة  دورارضي,,,,,طرطشة  دوراول,100%,Closed,مؤسسه عبدالطيف,,لياسة  دوراول,100%,Closed,مؤسسه عبدالطيف,,طرطشة  دورالملحق,100%,Closed,مؤسسه الحزم,,لياسة  دورالملحق,80%,Open,مؤسسه الحزم,,طرطشة خارجية للواجهات,76%,Open,مباني النخبه,,لياسة خارجية للواجهات,76%,Open,مباني النخبه
Z18,V6,217,,طرطشة  دور أ رضي ,100%,Closed,شركة الصدقه /  محمد افضل,,لياسة  دورارضي,100%,Closed,شركة الصدقه /  محمد افضل,,طرطشة  دوراول,100%,Closed,شركة الصدقه /  محمد افضل,,لياسة  دوراول,,,,,طرطشة  دورالملحق,,,,,لياسة  دورالملحق,,,,,طرطشة خارجية للواجهات,75%,Open,مباني النخبه,,لياسة خارجية للواجهات,75%,Open,مباني النخبه
Z18,V3a,218,,طرطشة  دور أ رضي ,100%,Closed,مؤسسة مباني النخبة,,لياسة  دورارضي,100%,Closed,فردي مقاول محمد عيد,,طرطشة  دوراول,100%,Closed,شركة الصدقه /  محمد افضل,,لياسة  دوراول,100%,Closed,شركة الصدقه /  محمد افضل,,طرطشة  دورالملحق,100%,Closed,الصدقه /  حسين بن جعثوم,,لياسة  دورالملحق,60%,Open,الصدقه / بخيت ,,طرطشة خارجية للواجهات,100%,Closed,مؤسسه ينابيع ,,لياسة خارجية للواجهات,80%,Open,فرصه الاعمال
Z18,V6,219,,طرطشة  دور أ رضي ,100%,Closed,شركة الصدقه /  محمد افضل,,لياسة  دورارضي,100%,Closed,شركة الصدقه /  محمد افضل,,طرطشة  دوراول,100%,Closed,شركة الصدقه /  محمد افضل,,لياسة  دوراول,,,,,طرطشة  دورالملحق,,,,,لياسة  دورالملحق,,,,,طرطشة خارجية للواجهات,75%,Open,مباني النخبه,,لياسة خارجية للواجهات,75%,Open,مباني النخبه
Z18,V6,220,,طرطشة  دور أ رضي ,100%,Closed,مؤسسة مباني النخبة+ مؤسسة احتراف,,لياسة  دورارضي,100%,Closed,مؤسسة احتراف,,طرطشة  دوراول,100%,Closed,مؤسسة احتراف,,لياسة  دوراول,,,,,طرطشة  دورالملحق,100%,Closed,الصدقه / بخيت ,,لياسة  دورالملحق,,,,,طرطشة خارجية للواجهات,100%,Closed,مؤسسه ينابيع ,,لياسة خارجية للواجهات,85%,Open,مؤسسه ينابيع 
Z18,V6,221,,طرطشة  دور أ رضي ,100%,Closed,الصدقه /  حسين بن جعثوم,,لياسة  دورارضي,80%,Open,الصدقه /  حسين بن جعثوم,,طرطشة  دوراول,100%,Closed,شركة الصدقه /  محمد محمود,,لياسة  دوراول,100%,Closed,شركة الصدقه /  محمد محمود,,طرطشة  دورالملحق,,,,,لياسة  دورالملحق,,,,,طرطشة خارجية للواجهات,100%,Closed,مباني النخبه,,لياسة خارجية للواجهات,100%,Closed,مباني النخبه
Z18,V6,222,,طرطشة  دور أ رضي ,100%,Closed,مؤسسة احتراف,,لياسة  دورارضي,100%,Closed,مؤسسة احتراف,,طرطشة  دوراول,100%,Closed,مؤسسة احتراف,,لياسة  دوراول,,,,,طرطشة  دورالملحق,100%,Closed,شركة الصدقه / بخيت,,لياسة  دورالملحق,100%,Closed,شركة الصدقه / بخيت,,طرطشة خارجية للواجهات,72%,Open,مؤسسة 810,,لياسة خارجية للواجهات,72%,Open,مؤسسة 810
Z18,V6,223,,طرطشة  دور أ رضي ,100%,Closed,الصدقه /  حسين بن جعثوم,,لياسة  دورارضي,80%,Open,الصدقه /  حسين بن جعثوم,,طرطشة  دوراول,100%,Closed,شركة الصدقه /  محمد محمود,,لياسة  دوراول,100%,Closed,شركة الصدقه /  محمد محمود,,طرطشة  دورالملحق,,,,,لياسة  دورالملحق,,,,,طرطشة خارجية للواجهات,100%,Closed,مباني النخبه,,لياسة خارجية للواجهات,60%,Open,مباني النخبه
Z18,V6,224,,طرطشة  دور أ رضي ,100%,Closed,مؤسسة اغراس الطبيعه,,لياسة  دورارضي,100%,Closed,مؤسسة اغراس الطبيعه,,طرطشة  دوراول,100%,Closed,مؤسسه الحزم,,لياسة  دوراول,90%,Retained,مؤسسه الحزم,,طرطشة  دورالملحق,100%,Closed,شركة الصدقه / بخيت,,لياسة  دورالملحق,100%,Closed,شركة الصدقه / بخيت,,طرطشة خارجية للواجهات,72%,Open,مؤسسة 810,,لياسة خارجية للواجهات,72%,Open,مؤسسة 810
Z18,V6,225,,طرطشة  دور أ رضي ,,,,,لياسة  دورارضي,,,,,طرطشة  دوراول,100%,Closed,شركة الصدقه /  محمد محمود,,لياسة  دوراول,90%,Retained,شركة الصدقه /  محمد محمود,,طرطشة  دورالملحق,,,,,لياسة  دورالملحق,,,,,طرطشة خارجية للواجهات,100%,Closed,مؤسسة حلول وروافد,,لياسة خارجية للواجهات,60%,Open,مؤسسة حلول وروافد
Z18,V6,226,,طرطشة  دور أ رضي ,100%,Closed,مؤسسة اغراس الطبيعه,,لياسة  دورارضي,100%,Closed,مؤسسة اغراس الطبيعه,,طرطشة  دوراول,100%,Closed,مؤسسه الحزم,,لياسة  دوراول,60%,Open,مؤسسه الحزم,,طرطشة  دورالملحق,100%,Closed,شركة الصدقه / بخيت,,لياسة  دورالملحق,100%,Closed,شركة الصدقه / بخيت,,طرطشة خارجية للواجهات,72%,Open,مؤسسة 810,,لياسة خارجية للواجهات,72%,Open,مؤسسة 810
Z18,V6,227,,طرطشة  دور أ رضي ,100%,Closed,حازم بن خالد,,لياسة  دورارضي,90%,Retained,حازم بن خالد,,طرطشة  دوراول,100%,Closed,مؤسسه الحزم,,لياسة  دوراول,90%,Retained,مؤسسه الحزم,,طرطشة  دورالملحق,,,,,لياسة  دورالملحق,,,,,طرطشة خارجية للواجهات,,,,,لياسة خارجية للواجهات,,,
Z18,V3b,228,,طرطشة  دور أ رضي ,100%,Closed,مؤسسة احتراف,,لياسة  دورارضي,100%,Closed,مؤسسة احتراف,,طرطشة  دوراول,100%,Closed,مؤسسة احتراف,,لياسة  دوراول,60%,Open,مؤسسة احتراف,,طرطشة  دورالملحق,100%,Closed,الصدقه / بخيت,,لياسة  دورالملحق,100%,Closed,الصدقه / بخيت,,طرطشة خارجية للواجهات,76%,Open,مؤسسة 810,,لياسة خارجية للواجهات,76%,Open,مؤسسة 810
Z18,V3b,229,,طرطشة  دور أ رضي ,100%,Closed,حازم بن خالد,,لياسة  دورارضي,90%,Retained,حازم بن خالد,,طرطشة  دوراول,90%,Retained,حازم بن خالد,,لياسة  دوراول,90%,Retained,الصدقه / ايمن,,طرطشة  دورالملحق,,,,,لياسة  دورالملحق,,,,,طرطشة خارجية للواجهات,100%,Closed,فرصه الاعمال,,لياسة خارجية للواجهات,60%,Open,فرصه الاعمال
Z18,V6,230,,طرطشة  دور أ رضي ,100%,Closed,فردي مقاول محمد عيد,,لياسة  دورارضي,100%,Closed,فردي مقاول محمد عيد,,طرطشة  دوراول,100%,Closed,فردي مقاول محمد عيد,,لياسة  دوراول,100%,Closed,فردي مقاول محمد عيد,,طرطشة  دورالملحق,,,,,لياسة  دورالملحق,,,,,طرطشة خارجية للواجهات,100%,Closed,مؤسسه الاستيراد,,لياسة خارجية للواجهات,60%,Open,مؤسسه الاستيراد
Z18,V6,231,,طرطشة  دور أ رضي ,100%,Closed,مؤسسه الحزم,,لياسة  دورارضي,100%,Closed,مؤسسه الحزم,,طرطشة  دوراول,100%,Closed,مؤسسه الحزم,,لياسة  دوراول,100%,Closed,مؤسسه الحزم,,طرطشة  دورالملحق,,,,,لياسة  دورالملحق,,,,,طرطشة خارجية للواجهات,,,,,لياسة خارجية للواجهات,80%,Open,فرصه الاعمال
Z18,V6,232,,طرطشة  دور أ رضي ,100%,Closed,فردي مقاول محمد عيد,,لياسة  دورارضي,100%,Closed,فردي مقاول محمد عيد,,طرطشة  دوراول,100%,Closed,فردي مقاول محمد عيد,,لياسة  دوراول,100%,Closed,فردي مقاول محمد عيد,,طرطشة  دورالملحق,100%,Closed,مؤسسه الحزم,,لياسة  دورالملحق,100%,Closed,مؤسسه الحزم,,طرطشة خارجية للواجهات,100%,Closed,مؤسسه تباشير,,لياسة خارجية للواجهات,100%,Closed,مؤسسه تباشير
Z18,V6,233,,طرطشة  دور أ رضي ,100%,Closed,مؤسسه الحزم,,لياسة  دورارضي,100%,Closed,مؤسسه الحزم,,طرطشة  دوراول,100%,Closed,مؤسسه الحزم,,لياسة  دوراول,100%,Closed,مؤسسه الحزم,,طرطشة  دورالملحق,,,,,لياسة  دورالملحق,,,,,طرطشة خارجية للواجهات,100%,Closed,فرصه الاعمال,,لياسة خارجية للواجهات,80%,Open,فرصه الاعمال
Z18,V6,234,,طرطشة  دور أ رضي ,100%,Closed,فردي مقاول محمد عيد,,لياسة  دورارضي,100%,Closed,فردي مقاول محمد عيد,,طرطشة  دوراول,100%,Closed,فردي مقاول محمد عيد,,لياسة  دوراول,100%,Closed,فردي مقاول محمد عيد,,طرطشة  دورالملحق,100%,Closed,مؤسسه الحزم,,لياسة  دورالملحق,,,,,طرطشة خارجية للواجهات,100%,Closed,مؤسسه تباشير,,لياسة خارجية للواجهات,100%,Closed,مؤسسه تباشير
Z18,V6,235,,طرطشة  دور أ رضي ,100%,Closed,مؤسسه الحزم,,لياسة  دورارضي,100%,Closed,مؤسسه الحزم,,طرطشة  دوراول,100%,Closed,مؤسسه الحزم,,لياسة  دوراول,100%,Closed,مؤسسه الحزم,,طرطشة  دورالملحق,,,,,لياسة  دورالملحق,,,,,طرطشة خارجية للواجهات,100%,Closed,فرصه الاعمال,,لياسة خارجية للواجهات,80%,Open,فرصه الاعمال
Z18,V6,236,,طرطشة  دور أ رضي ,100%,Closed,مؤسسه الحزم,,لياسة  دورارضي,100%,Closed,مؤسسه الحزم,,طرطشة  دوراول,100%,Closed,مؤسسه الحزم,,لياسة  دوراول,100%,Closed,مؤسسه الحزم,,طرطشة  دورالملحق,,,,,لياسة  دورالملحق,,,,,طرطشة خارجية للواجهات,100%,Closed,فرصه الاعمال,,لياسة خارجية للواجهات,80%,Open,فرصه الاعمال
Z18,V6,237,,طرطشة  دور أ رضي ,100%,Closed,مؤسسه الحزم,,لياسة  دورارضي,100%,Closed,مؤسسه الحزم,,طرطشة  دوراول,100%,Closed,مؤسسه الحزم,,لياسة  دوراول,100%,Closed,مؤسسه الحزم,,طرطشة  دورالملحق,,,,,لياسة  دورالملحق,,,,,طرطشة خارجية للواجهات,100%,Closed,فرصه الاعمال,,لياسة خارجية للواجهات,60%,Open,فرصه الاعمال
Z18,V6,238,,طرطشة  دور أ رضي ,100%,Closed,مؤسسة بداية,,لياسة  دورارضي,95%,Retained,مؤسسة بداية,,طرطشة  دوراول,100%,Closed,مؤسسه الحزم,,لياسة  دوراول,100%,Closed,مؤسسه الحزم,,طرطشة  دورالملحق,100%,Closed,مؤسسه الحزم,,لياسة  دورالملحق,100%,Closed,مؤسسه الحزم,,طرطشة خارجية للواجهات,100%,Closed,مؤسسه الحزم,,لياسة خارجية للواجهات,80%,Open,مؤسسه الحزم
Z18,V6,239,,طرطشة  دور أ رضي ,100%,Closed,مؤسسة بداية,,لياسة  دورارضي,95%,Retained,مؤسسة بداية,,طرطشة  دوراول,100%,Closed,مؤسسه الحزم,,لياسة  دوراول,60%,Open,مؤسسه الحزم,,طرطشة  دورالملحق,100%,Closed,مؤسسه الحزم,,لياسة  دورالملحق,100%,Closed,مؤسسه الحزم,,طرطشة خارجية للواجهات,72%,Open,مؤسسة بداية,,لياسة خارجية للواجهات,72%,Open,مؤسسة بداية
Z18,V6,240,,طرطشة  دور أ رضي ,100%,Closed,مؤسسه الحزم,,لياسة  دورارضي,100%,Closed,مؤسسه الحزم,,طرطشة  دوراول,100%,Closed,مؤسسه الحزم,,لياسة  دوراول,100%,Closed,مؤسسه الحزم,,طرطشة  دورالملحق,,,,,لياسة  دورالملحق,,,,,طرطشة خارجية للواجهات,,,,,لياسة خارجية للواجهات,,,
Z18,V3a,241,,طرطشة  دور أ رضي ,100%,Closed,مؤسسة بداية,,لياسة  دورارضي,95%,Retained,مؤسسة بداية,,طرطشة  دوراول,100%,Closed,مؤسسه الحزم,,لياسة  دوراول,100%,Closed,مؤسسه الحزم,,طرطشة  دورالملحق,100%,Closed,مؤسسه الحزم,,لياسة  دورالملحق,80%,Open,مؤسسه الحزم,,طرطشة خارجية للواجهات,73%,Open,مؤسسة بداية,,لياسة خارجية للواجهات,73%,Open,مؤسسة بداية
Z18,V6,242,,طرطشة  دور أ رضي ,100%,Closed,مؤسسه الحزم,,لياسة  دورارضي,100%,Closed,مؤسسه الحزم,,طرطشة  دوراول,100%,Closed,مؤسسه الحزم,,لياسة  دوراول,100%,Closed,مؤسسه الحزم,,طرطشة  دورالملحق,,,,,لياسة  دورالملحق,,,,,طرطشة خارجية للواجهات,100%,Closed,الصدقه / سليمان خالد,,لياسة خارجية للواجهات,60%,Open,الصدقه / سليمان خالد
Z19,V3a,243,,طرطشة  دور أ رضي ,100%,Closed,مؤسسة أبراج فائبر,,لياسة  دورارضي,100%,Closed,مؤسسة حلول وروافد,,طرطشة  دوراول,100%,Closed,مؤسسة حلول ورا وفد,,لياسة  دوراول,90%,Retained,مؤسسة حلول ورا وفد,,طرطشة  دورالملحق,100%,Closed,مؤسسة حلول ورا وفد,,لياسة  دورالملحق,100%,Closed,مؤسسة حلول ورا وفد,,طرطشة خارجية للواجهات,100%,Closed,مؤسسة اغراس الطبيعه,,لياسة خارجية للواجهات,100%,Closed,مؤسسة اغراس الطبيعه
Z19,V3a,244,,طرطشة  دور أ رضي ,100%,Closed,مؤسسة باخشوين,,لياسة  دورارضي,78%,Open,مؤسسة باخشوين,,طرطشة  دوراول,100%,Closed,حازم بن خالد,,لياسة  دوراول,,,,,طرطشة  دورالملحق,100%,Closed,مؤسسه الحزم,,لياسة  دورالملحق,80%,Open,مؤسسه الحزم,,طرطشة خارجية للواجهات,100%,Closed,مؤسسه الحزم,,لياسة خارجية للواجهات,100%,Closed,مؤسسه الحزم
Z19,V3a,245,,طرطشة  دور أ رضي ,100%,Closed,مؤسسة أبراج فائبر,,لياسة  دورارضي,100%,Closed,مؤسسة حلول وروافد,,طرطشة  دوراول,100%,Closed,مؤسسة حلول ورا وفد,,لياسة  دوراول,90%,Retained,مؤسسة حلول ورا وفد,,طرطشة  دورالملحق,100%,Closed,مؤسسة حلول ورا وفد,,لياسة  دورالملحق,100%,Closed,مؤسسة حلول ورا وفد,,طرطشة خارجية للواجهات,100%,Closed,الصدقه / احمد عياد,,لياسة خارجية للواجهات,60%,Open,مؤسسة عبداللطيف
Z19,V3a,246,,طرطشة  دور أ رضي ,100%,Closed,مؤسسة باخشوين,,لياسة  دورارضي,78%,Open,مؤسسة باخشوين,,طرطشة  دوراول,100%,Closed,حازم بن خالد,,لياسة  دوراول,,,,,طرطشة  دورالملحق,100%,Closed,مؤسسه الحزم,,لياسة  دورالملحق,80%,Open,مؤسسه الحزم,,طرطشة خارجية للواجهات,100%,Closed,مؤسسه الحزم,,لياسة خارجية للواجهات,100%,Closed,مؤسسه الحزم
Z19,V3a,247,,طرطشة  دور أ رضي ,100%,Closed,مؤسسة حلول وروافد,,لياسة  دورارضي,100%,Closed,مؤسسة حلول وروافد,,طرطشة  دوراول,100%,Closed,مؤسسة حلول ورا وفد,,لياسة  دوراول,90%,Retained,مؤسسة حلول ورا وفد,,طرطشة  دورالملحق,100%,Closed,مؤسسة حلول ورا وفد,,لياسة  دورالملحق,100%,Closed,مؤسسة حلول ورا وفد,,طرطشة خارجية للواجهات,100%,Closed,مؤسسه عبدالطيف,,لياسة خارجية للواجهات,100%,Closed,مؤسسه عبدالطيف
Z19,V3a,248,,طرطشة  دور أ رضي ,100%,Closed,مؤسسة باخشوين,,لياسة  دورارضي,78%,Open,مؤسسة باخشوين,,طرطشة  دوراول,100%,Closed,حازم بن خالد,,لياسة  دوراول,,,,,طرطشة  دورالملحق,100%,Closed,مؤسسه الحزم,,لياسة  دورالملحق,80%,Open,مؤسسه الحزم,,طرطشة خارجية للواجهات,100%,Closed,مؤسسه الحزم,,لياسة خارجية للواجهات,100%,Closed,مؤسسه الحزم
Z19,V3a,249,,طرطشة  دور أ رضي ,100%,Closed,مؤسسة حلول وروافد,,لياسة  دورارضي,100%,Closed,مؤسسة حلول وروافد,,طرطشة  دوراول,100%,Closed,مؤسسة حلول ورا وفد,,لياسة  دوراول,90%,Retained,مؤسسة حلول ورا وفد,,طرطشة  دورالملحق,,,,,لياسة  دورالملحق,,,,,طرطشة خارجية للواجهات,100%,Closed,مؤسسة عبدالطيف,,لياسة خارجية للواجهات,100%,Closed,مؤسسة عبدالطيف
Z19,V3b,250,,طرطشة  دور أ رضي ,,,,,لياسة  دورارضي,50%,Open,مؤسسة اغراس الطبيعه,,طرطشة  دوراول,100%,Closed,مؤسسه الحزم,,لياسة  دوراول,90%,Retained,مؤسسه الحزم,,طرطشة  دورالملحق,,,,,لياسة  دورالملحق,,,,,طرطشة خارجية للواجهات,97%,Retained,مؤسسه الحزم,,لياسة خارجية للواجهات,,,
Z19,V3b,251,,طرطشة  دور أ رضي ,100%,Closed,مؤسسة أبراج فائبر,,لياسة  دورارضي,100%,Closed,مؤسسة حلول وروافد,,طرطشة  دوراول,100%,Closed,مؤسسة حلول ورا وفد,,لياسة  دوراول,90%,Retained,مؤسسة حلول ورا وفد,,طرطشة  دورالملحق,60%,Open,مؤسسة حلول ورا وفد,,لياسة  دورالملحق,100%,Closed,مؤسسة حلول ورا وفد,,طرطشة خارجية للواجهات,100%,Closed,شركة الصدقه / ايهاب,,لياسة خارجية للواجهات,60%,Open,شركة الصدقه / ايهاب
Z19,V3a,252,,طرطشة  دور أ رضي ,100%,Closed,مؤسسة حلول وروافد,,لياسة  دورارضي,100%,Closed,مؤسسة حلول وروافد,,طرطشة  دوراول,100%,Closed,مؤسسة حلول ورا وفد,,لياسة  دوراول,90%,Retained,مؤسسة حلول ورا وفد,,طرطشة  دورالملحق,100%,Closed,مؤسسة حلول ورا وفد,,لياسة  دورالملحق,100%,Closed,مؤسسة حلول ورا وفد,,طرطشة خارجية للواجهات,100%,Closed,شركة الصدقه / ايهاب,,لياسة خارجية للواجهات,60%,Open,شركة الصدقه / ايهاب
Z19,V3a,253,,طرطشة  دور أ رضي ,100%,Closed,مؤسسة اغراس الطبيعه,,لياسة  دورارضي,100%,Closed,مؤسسة اغراس الطبيعه,,طرطشة  دوراول,,,,,لياسة  دوراول,100%,Closed,مؤسسه الحزم,,طرطشة  دورالملحق,100%,Closed,مؤسسه الحزم,,لياسة  دورالملحق,,,,,طرطشة خارجية للواجهات,,,,,لياسة خارجية للواجهات,,,
Z19,V3a,254,,طرطشة  دور أ رضي ,100%,Closed,مؤسسة حلول وروافد,,لياسة  دورارضي,100%,Closed,مؤسسة حلول وروافد,,طرطشة  دوراول,100%,Closed,مؤسسة حلول ورا وفد,,لياسة  دوراول,90%,Retained,مؤسسة حلول ورا وفد,,طرطشة  دورالملحق,100%,Closed,مؤسسة حلول ورا وفد,,لياسة  دورالملحق,100%,Closed,مؤسسة حلول ورا وفد,,طرطشة خارجية للواجهات,82%,Open,شركة الصدقه / بخيت,,لياسة خارجية للواجهات,82%,Open,شركة الصدقه / بخيت
Z19,V3a,255,,طرطشة  دور أ رضي ,100%,Closed,مؤسسة اغراس الطبيعه,,لياسة  دورارضي,100%,Closed,مؤسسة اغراس الطبيعه,,طرطشة  دوراول,100%,Closed,مؤسسه الحزم,,لياسة  دوراول,90%,Retained,مؤسسه الحزم,,طرطشة  دورالملحق,,,,,لياسة  دورالملحق,,,,,طرطشة خارجية للواجهات,,,,,لياسة خارجية للواجهات,,,
Z19,V3a,256,,طرطشة  دور أ رضي ,100%,Closed,مؤسسة حلول وروافد,,لياسة  دورارضي,100%,Closed,مؤسسة حلول وروافد,,طرطشة  دوراول,100%,Closed,مؤسسة حلول ورا وفد,,لياسة  دوراول,90%,Retained,مؤسسة حلول ورا وفد,,طرطشة  دورالملحق,100%,Closed,مؤسسة حلول ورا وفد,,لياسة  دورالملحق,100%,Closed,مؤسسة حلول ورا وفد,,طرطشة خارجية للواجهات,82%,Open,شركة الصدقه / بخيت,,لياسة خارجية للواجهات,82%,Open,شركة الصدقه / بخيت
Z19,V3a,257,,طرطشة  دور أ رضي ,100%,Closed,مؤسسة اغراس الطبيعه,,لياسة  دورارضي,100%,Closed,مؤسسة اغراس الطبيعه,,طرطشة  دوراول,100%,Closed,مؤسسه الحزم,,لياسة  دوراول,60%,Open,مؤسسه الحزم,,طرطشة  دورالملحق,100%,Closed,مؤسسه الحزم,,لياسة  دورالملحق,80%,Open,مؤسسه الحزم,,طرطشة خارجية للواجهات,,,,,لياسة خارجية للواجهات,,,
Z19,V3a,258,,طرطشة  دور أ رضي ,100%,Closed,مؤسسة حلول وروافد,,لياسة  دورارضي,100%,Closed,مؤسسة حلول وروافد,,طرطشة  دوراول,100%,Closed,مؤسسة حلول ورا وفد,,لياسة  دوراول,90%,Retained,مؤسسة حلول ورا وفد,,طرطشة  دورالملحق,100%,Closed,مؤسسة حلول ورا وفد,,لياسة  دورالملحق,100%,Closed,مؤسسة حلول ورا وفد,,طرطشة خارجية للواجهات,82%,Open,شركة الصدقه / بخيت,,لياسة خارجية للواجهات,82%,Open,شركة الصدقه / بخيت
Z19,V3a,259,,طرطشة  دور أ رضي ,100%,Closed,مؤسسة اغراس الطبيعه,,لياسة  دورارضي,100%,Closed,مؤسسة اغراس الطبيعه,,طرطشة  دوراول,100%,Closed,مؤسسه الحزم,,لياسة  دوراول,90%,Retained,مؤسسه الحزم,,طرطشة  دورالملحق,100%,Closed,مؤسسه الحزم,,لياسة  دورالملحق,,,,,طرطشة خارجية للواجهات,,,,,لياسة خارجية للواجهات,,,
Z19,V3a,260,,طرطشة  دور أ رضي ,100%,Closed,مؤسسة حلول وروافد,,لياسة  دورارضي,100%,Closed,مؤسسة حلول وروافد,,طرطشة  دوراول,100%,Closed,مؤسسة حلول ورا وفد,,لياسة  دوراول,90%,Retained,مؤسسة حلول ورا وفد,,طرطشة  دورالملحق,100%,Closed,مؤسسة حلول ورا وفد,,لياسة  دورالملحق,100%,Closed,مؤسسة حلول ورا وفد,,طرطشة خارجية للواجهات,100%,Closed,مؤسسه الحزم,,لياسة خارجية للواجهات,100%,Closed,مؤسسه الحزم
